[
  {
    "name": "Mariscos Tenorio",
    "address": "Av. del Pinar 3223",
    "imageUri": "https://media.istockphoto.com/photos/empty-scene-with-a-dark-street-food-van-standing-in-the-evening-in-a-picture-id1223977296?k=20&m=1223977296&s=612x612&w=0&h=pRYPDimUgWMm8pDTmfcNVhp2OPZXcQN4p-m_x67mCJs=",
    "rating": "4.8",
    "schedule": "12:30 - 18:00",
    "priceRange": "$$",
    "coords": "20.620867,-103.4182268",
    "tags": "Fumar, Terraza, Cerveza, Vegano, Pet friendly",
    "category": "Mariscos"
  },
  {
    "name": "Perros Ahogados",
    "address": "Av. Sierra de Mazamitla 6009",
    "imageUri": "https://media.istockphoto.com/photos/3d-coffee-pub-loft-style-interior-render-picture-id1057838514?k=20&m=1057838514&s=612x612&w=0&h=HbJ3LM5Af0kkwgDPuBKXbkzoJ9RhLSnAR7tzHRXOMLs=",
    "rating": "4.8",
    "schedule": "10:00 - 22:00",
    "priceRange": "$$",
    "coords": "20.6197965,-103.4206811",
    "tags": "Pet friendly, Tarjeta, Para llevar",
    "category": "Hot Dogs"
  },
  {
    "name": "Osteria 10",
    "address": "C. Manuel López Cotilla 1498-A-1498-A, Col Americana, Americana, 44160 Guadalajara, Jal.",
    "imageUri": "https://media.istockphoto.com/photos/european-restaurant-in-bright-colors-picture-id530380805?k=20&m=530380805&s=612x612&w=0&h=i8X-LLJLqamdk_SjhgP-7waZobTmVeWEeF1T_mO0e44=",
    "rating": "4.6",
    "schedule": "14:00 - 23:30",
    "priceRange": "$$",
    "coords": "20.6738298,-103.3702706",
    "tags": "LGBTQ+, Romantico, Informal, Bar, Alcohol",
    "category": "Italiano"
  },
  {
    "name": "La Chiluda",
    "address": "Av Inglaterra 3120, Vallarta Poniente, 44110 Guadalajara, Jal.",
    "imageUri": "https://media.istockphoto.com/photos/modern-restaurant-terrace-in-the-summer-picture-id949988530?k=20&m=949988530&s=612x612&w=0&h=N-uSmDU8usCeVe4Hj2ULl0ecZQ8q-MMFofPYpdFwhRE=",
    "rating": "4.7",
    "schedule": "14:00 - 03:00",
    "priceRange": "$",
    "coords": "20.6718875,-103.3943286",
    "tags": "Cocteleria, Deportes, Vino, Grupos",
    "category": "Bar"
  },
  {
    "name": "McCarthy's Irish Pub Gran Plaza",
    "address": "Av. Ignacio L. Vallarta, Don Bosco Vallarta, 45049 Zapopan, Jal.",
    "imageUri": "https://media.istockphoto.com/photos/waiter-in-a-medical-protective-mask-serves-the-coffee-in-restaurant-picture-id1240174771?k=20&m=1240174771&s=612x612&w=0&h=K3Wb5Pq39JEPl1WiEPQUcvZHfigb18ZyQ7M426jIr7s=",
    "rating": "4.3",
    "schedule": "13:12 - 23:59",
    "priceRange": "$$",
    "coords": "20.6744099,-103.406777",
    "tags": "Musica en vivo, Terraza, Cocteleria, Acceso silla de ruedas",
    "category": "Pub Bar"
  },
  {
    "name": "WingMan Naciones Unidas",
    "address": "Avenida Naciones Unidas 5264 Zapopan, 45110 Guadalajara, Jal.",
    "imageUri": "https://media.istockphoto.com/photos/the-concept-of-indian-cuisine-baked-chicken-wings-and-legs-in-honey-picture-id1098318620?k=20&m=1098318620&s=612x612&w=0&h=3lKtAJYp3JCXKQfiw5DoK_m3JRi_KDgOfmffm2mNEQY=",
    "rating": "4",
    "schedule": "14:00 - 0:00",
    "priceRange": "$$",
    "coords": "20.687603,-103.4281388",
    "tags": "Cerveza, Deportes, Informal",
    "category": "Alitas"
  },
  {
    "name": "La Tetería",
    "address": "Libertad 1697, Col Americana, Americana, 44160 Guadalajara, Jal.",
    "imageUri": "https://media.istockphoto.com/photos/bar-with-poster-and-lamps-picture-id629200476?k=20&m=629200476&s=612x612&w=0&h=LvlI07Sk2Veo7AAkFp1NMsI6kjSpFbaAgBFs-eJpUgM=",
    "rating": "4.4",
    "schedule": "15:30 - 23:00",
    "priceRange": "$$",
    "coords": "20.6717003,-103.3647619",
    "tags": "Te, Cafe, Postres",
    "category": "Salon de Te"
  },
  {
    "name": "TOM Topfloor",
    "address": "Av. Chapultepec 20, Ladrón de Guevara, Americana, 44600 Guadalajara, Jal.",
    "imageUri": "https://media.istockphoto.com/photos/empty-bar-counter-interior-in-modern-cozy-cafe-panorama-picture-id1222217795?k=20&m=1222217795&s=612x612&w=0&h=e_SRmbeLdfSwBABsf92qnyJkwwzE3OKAqcjITgn0coQ=",
    "rating": "4.3",
    "schedule": "19:00 - 02:00",
    "priceRange": "$$$",
    "coords": "20.6763489,-103.3704631",
    "tags": "Informal, Grupos, Costeleria",
    "category": "Restaurante"
  },
  {
    "name": "El Abajeño Tlaquepaque",
    "address": "C. Juárez 231, Centro, 45500 San Pedro Tlaquepaque, Jal.",
    "imageUri": "https://media.istockphoto.com/photos/luxury-restaurant-table-on-sunset-picture-id502840530?k=20&m=502840530&s=612x612&w=0&h=bLXFrhpZVG7EKm47b55AbYneaExO6kZmVAHruSaxSoc=",
    "rating": "4.4",
    "schedule": "12:00 - 22:00",
    "priceRange": "$$",
    "coords": "20.6380093,-103.3164739",
    "tags": "Musica en vivo, Terraza, Cocteleria, Acceso silla de ruedas",
    "category": "Restaurant Bar"
  },
  {
    "name": "Carbón - Parrilla de Barrio",
    "address": "Av Guadalupe 1261, Chapalita Oriente, 45040 Zapopan, Jal.",
    "imageUri": "https://media.istockphoto.com/photos/empty-rustic-restaurant-with-now-people-and-customers-during-covid-19-picture-id1215002204?k=20&m=1215002204&s=612x612&w=0&h=cHH9pDDRYdQynXdickcdaROAYFhe6pxqrBd0z0mnCBI=",
    "rating": "4.5",
    "schedule": "13:00 - 0:00",
    "priceRange": "$$",
    "coords": "20.665878,-103.4059463",
    "tags": "LGBTQ+, Romantico, Informal, Bar, Alcohol",
    "category": "Cortes"
  },
  {
    "name": "Asaditos los compitas",
    "address": "Av. Niño Obrero 656, Jardín de San Ignacio, 45040 Zapopan, Jal.",
    "imageUri": "https://media.istockphoto.com/photos/happy-waiter-serving-food-to-group-of-friends-in-a-pub-picture-id1307190527?k=20&m=1307190527&s=612x612&w=0&h=ByZuYsSsGV81QqZgrUOQBcITbpChU_kD_xUeAVoGzdU=",
    "rating": "4.4",
    "schedule": "13:00 - 01:00",
    "priceRange": "$$",
    "coords": "20.6676524,-103.411575",
    "tags": "Solo Efectivo, Grupos, Domicilio",
    "category": "Taqueria"
  },
  {
    "name": "La Santa",
    "address": "Real de Acueducto 371, Puerta de Hierro, 45116 Zapopan, Jal.",
    "imageUri": "https://media.istockphoto.com/photos/enjoying-great-concert-picture-id841506898?k=20&m=841506898&s=612x612&w=0&h=GMuv5J_o7WrqYLEmsASrULCtSAHOfxxMe1MDppKAZQs=",
    "rating": "3.9",
    "schedule": "22:30 - 04:00",
    "priceRange": "$$$$",
    "coords": "20.7117469,-103.4120892",
    "tags": "Cocteleria, Alcohol, Cerveza, Formal",
    "category": "Club Nocturno"
  },
  {
    "name": "Krispy Kreme",
    "address": "Real de Acueducto 160, Real Acueducto, 45110 Zapopan, Jal.",
    "imageUri": "https://media.istockphoto.com/photos/the-front-of-krispy-kreme-doughnut-store-on-southgate-st-picture-id1058770068?k=20&m=1058770068&s=612x612&w=0&h=WjjmwS5tcN4RKsEUV2DbHd3s01I51p8vXWQ5TWsRLVg=",
    "rating": "4.5",
    "schedule": "24 hrs",
    "priceRange": "$$",
    "coords": "20.7098633,-103.4124324",
    "tags": "Cafe, Postres",
    "category": "Donas"
  },
  {
    "name": "Cabanna Restaurant",
    "address": "Av. México 2972, Juan Manuel, 44680 Guadalajara, Jal.",
    "imageUri": "https://media.istockphoto.com/photos/seafood-lunch-on-the-beach-picture-id1059571390?k=20&m=1059571390&s=612x612&w=0&h=KLGrufA26wZC1ZjAsSsXSry-WuBeoee4_J1EIscZ0Ao=",
    "rating": "4.6",
    "schedule": "12:00 - 0:00",
    "priceRange": "$$$",
    "coords": "20.679927,-103.3929916",
    "tags": "Deportes, Alcohol, Menu para niños",
    "category": "Mariscos"
  },
  {
    "name": "Cafe pal Real",
    "address": "C. Lope de Vega 113, Arcos Vallarta, 44130 Guadalajara, Jal.",
    "imageUri": "https://media.istockphoto.com/photos/empty-cafe-interior-with-chairs-and-tables-picture-id1286692956?k=20&m=1286692956&s=612x612&w=0&h=xLroBaEbDMdnLUDqS37BWuweJdWoGx4oUbm6VpUnfGE=",
    "rating": "4.6",
    "schedule": "8:00 - 18:00",
    "priceRange": "$$",
    "coords": "20.6729596,-103.3819876",
    "tags": "Cafe, Te, Vegano",
    "category": "Brunch"
  },
  {
    "name": "Tacos Gascon",
    "address": "Av. Alemania 1803, Moderna, 44190 Guadalajara, Jal.",
    "imageUri": "https://media.istockphoto.com/photos/person-eating-tacos-picture-id1185770290?k=20&m=1185770290&s=612x612&w=0&h=Fprs8hCEX1OR5WJ4u8mKhuaJjk_tBZQXk-8FMG3j7hc=",
    "rating": "4.6",
    "schedule": "19:00 - 0:00",
    "priceRange": "$$",
    "coords": "20.6662383,-103.3675735",
    "tags": "Cena, Postres, Informal",
    "category": "Taqueria"
  },
  {
    "name": "Brooken Cheese",
    "address": "C. Pedro Moreno 1476, Col Americana, Americana, 44160 Guadalajara, Jal.",
    "imageUri": "https://media.istockphoto.com/photos/3d-render-wooden-style-restaurant-cafe-picture-id1179449390?k=20&m=1179449390&s=612x612&w=0&h=LOwxtqFbVCbwVv0KJWJROfq-yFtJxNhpDEG1OdUL9hY=",
    "rating": "4.4",
    "schedule": "13:00 - 23:00",
    "priceRange": "$",
    "coords": "20.6755974,-103.3699865",
    "tags": "Informal, Bar, Grupo",
    "category": "Pizza"
  },
  {
    "name": "Cerveceria Chapultepec",
    "address": "C. Manuel López Cotilla 1537, Col Americana, Lafayette, 44160 Guadalajara, Jal.",
    "imageUri": "https://media.istockphoto.com/photos/interior-of-pub-picture-id538680408?k=20&m=538680408&s=612x612&w=0&h=kjzkp8JdJdfcTm9HrgsBhkVVpKcfk0OzU4RwyhgeFZw=",
    "rating": "4.4",
    "schedule": "13:00 - 02:30",
    "priceRange": "$",
    "coords": "20.6735631,-103.3723295",
    "tags": "Alcohol, Comida, Informal, Grupos",
    "category": "Bar"
  },
  {
    "name": "La Trattoria de Guadalajara",
    "address": "Av Niños Héroes 3051, Jardines del Bosque, 44520 Guadalajara, Jal.",
    "imageUri": "https://es.restaurantguru.com/Fonda-La-Tratoria-Guadalajara",
    "rating": "4.7",
    "schedule": "13:00 - 22:00",
    "priceRange": "$$$",
    "coords": "20.6662716,-103.3930049",
    "tags": "Bar, Romantico, Alcohol, Vino",
    "category": "Italiano"
  },
  {
    "name": "Suehiro",
    "address": "Av. de la Paz 1701, Col Americana, Americana, 44160 Guadalajara, Jal.",
    "imageUri": "https://media.istockphoto.com/photos/interior-of-a-modern-cozy-french-restaurant-picture-id1314951233?k=20&m=1314951233&s=612x612&w=0&h=8P28fZ0t0LLeaJbITSbrvYXYifr_HvM2yK10lWsv7mU=",
    "rating": "4.7",
    "schedule": "13:30 - 23:00",
    "priceRange": "$$$",
    "coords": "20.6708576,-103.3652088",
    "tags": "Catering, Cocteles, Saludable",
    "category": "Japones"
  }
]
